12216034945,12396638008,12527579335,12698199712,13063738367,13173724616,13322869957,13373411060,13651620704,13806327528,13856384276,14303607492,13895107812,14014035348,14133128140,14233568700,14478915424,14707228756,14916873884,15142533936,15292967468,15510780836,15623769336,15763126360,15736838784,15895663380,16011190840,16007414996,16236220279,16353216508
308468490,309048598,309688210,310318948,310843061,311369051,311995557,312623646,313171373,313705891,314338295,314962033,315432156,315920276,316537868,317191071,317729889,318268195,318917517,319571992,320088258,320609692,321223606,321827030,322311070,322837992,323453772,324053702,324544170,325059433
39602,40112,40452,40920,42027,42309,42702,42778,43592,44010,44081,45414,44051,44359,44649,44874,45570,46210,46773,47384,47777,48379,48638,48980,48825,49237,49501,49397,50028,50308
158117675,160397664,162758813,163753648,165119382,165874564,167509514,167878168,169371232,170679964,169824096,173650176,171649760,172462116,173912596,173135044,174941688,177599988,179776188,182133884,183085500,185041040,186423336,187389140,187710020,189396740,189822048,189719088,193484641,194928521
4777056,4782763,4788042,4792457,4795264,4798051,4802498,4807165,4810756,4813995,4818591,4823038,4825170,4827624,4831776,4836192,4838905,4841532,4845482,4849240,4850867,4852600,4855780,4858849,4860034,4861952,4865134,4868037,4869214,4870849
33099,33537,33993,34169,34434,34571,34880,34922,35207,35455,35244,36004,35574,35724,35994,35800,36153,36683,37102,37559,37743,38132,38392,38567,38623,38955,39017,38972,39736,40019
34126579,34566896,34893693,35258540,36119663,36964076,37489045,38032852,38155492,38485332,38452884,38869088,37732772,37700408,38028972,38201904,39482232,40082052,40447340,40958288,41465564,41751284,41713136,41874360,41140060,41318688,41392968,41281384,41467716,41842819
708452,712142,715196,717456,719525,721617,723822,725993,728011,730040,731933,733515,734813,736133,736908,736984,736858,736728,736954,737334,737457,737590,738322,739435,740326,741344,742499,743592,744486,745466
48171,48539,48789,49144,50199,51224,51793,52387,52411,52717,52536,52990,51350,51214,51606,51835,53582,54405,54884,55549,56228,56605,56497,56630,55570,55735,55748,55516,55700,56130
211394499,213876248,216213497,218726176,223355176,224767960,226982168,228250236,232122828,235158588,235064972,242534832,238370956,241377160,243608924,245368976,250828444,253448888,257094776,261413352,265233608,269348416,271080224,275370868,275536324,279373024,283445444,282125356,287548010,290254964
6385000,6400176,6416880,6432828,6446365,6459803,6478511,6500254,6520012,6539406,6560518,6580957,6597958,6615164,6637522,6662947,6685648,6708179,6733714,6759798,6782692,6805568,6832910,6862401,6889190,6916727,6946566,6976301,7003521,7031107
33108,33417,33694,34002,34648,34795,35036,35114,35602,35960,35830,36854,36128,36488,36702,36826,37517,37782,38180,38672,39104,39578,39673,40127,39995,40391,40804,40441,41058,41282
90698687,92594664,94006457,94355320,97789978,98265336,99948906,101182300,104519844,106226284,106119692,109792248,106117532,106395752,106935020,106416524,109864808,112189212,113258368,115418780,114444052,115986372,116932212,117548572,117413252,118958112,118969228,119451360,121790478,122553330
2913212,2918976,2924666,2929511,2933351,2937243,2941259,2944465,2946933,2949272,2952284,2954941,2956117,2957539,2960049,2962701,2964259,2965860,2968851,2972238,2974342,2976505,2979588,2982619,2984499,2986830,2989943,2992879,2994758,2996921
31134,31722,32143,32209,33337,33455,33982,34364,35467,36018,35945,37155,35898,35974,36126,35919,37063,37827,38149,38832,38477,38967,39244,39411,39341,39828,39790,39912,40668,40893
1585462311,1606981344,1616092621,1660000724,1709143764,1718656152,1741689020,1740245380,1792764160,1816100388,1828137260,1917266840,1825714640,1850632608,1871742040,1899736768,1929565364,1966205552,2007498648,2040834340,2081362680,2130647756,2147470196,2175176000,2179767472,2206406732,2225661240,2238929440,2268519449,2281669386
37210679,37292949,37381923,37475203,37555812,37634296,37724050,37813927,37893440,37969946,38059807,38150702,38223701,38295339,38383164,38477710,38558900,38638244,38727619,38814978,38886245,38956265,39032002,39101645,39157970,39217597,39287746,39356450,39413064,39470752
42608,43091,43232,44296,45509,45667,46169,46021,47311,47830,48033,50255,47764,48325,48765,49372,50042,50888,51836,52579,53524,54693,55018,55629,55666,56261,56650,56889,57558,57807
196854366,198779588,202576238,208069504,215667335,218573792,222113077,223089460,228110492,231437344,232840500,243635268,241441280,244910100,248491144,251750136,259602632,265051728,269276964,274970544,278448432,282737432,283853672,285621280,284567660,287177812,290496256,290171620,295960958,298439892
5020514,5038891,5058151,5076314,5092763,5109467,5127925,5146441,5163645,5180831,5200583,5221082,5239128,5257659,5278446,5299921,5319507,5339286,5363041,5388918,5412545,5436425,5461021,5484625,5506294,5528800,5552868,5576673,5598695,5621253
39210,39449,40049,40988,42348,42778,43314,43348,44176,44672,44772,46664,46084,46582,47077,47501,48802,49642,50210,51025,51445,52008,51978,52077,51680,51942,52315,52033,52862,53091
218842220,222257612,223359336,225160592,227571482,229362536,230382678,229529328,230287360,232394864,232211556,239949772,228957920,229699756,231541556,232259964,235364628,237866324,240147948,242899296,242015760,244720608,245337964,247689540,246419512,248957900,248883432,247285696,249476716,251389254
3572522,3576957,3581763,3584876,3586698,3588582,3590860,3592336,3592843,3593275,3594810,3596168,3595702,3595582,3595933,3595616,3593971,3592379,3591686,3590679,3588133,3585669,3584239,3582663,3579755,3577374,3575908,3574209,3571300,3568714
61257,62136,62360,62808,63449,63915,64158,63894,64096,64675,64596,66724,63675,63884,64390,64595,65489,66214,66862,67647,67449,68250,68449,69136,68837,69592,69600,69186,69856,70443
36007964,36579680,37382788,37917192,39167539,39526780,39991097,40064324,39103536,39895868,39727572,41088824,39971084,40539240,40720852,41032352,41509444,41910912,42379336,42900800,43721176,44433424,44520124,45078980,44928800,45451716,46032844,45884280,46796449,47240015
897024,898879,900974,903178,905069,906913,909176,911582,913776,915872,918224,920543,922419,924332,926705,929297,931557,933783,936278,938803,940887,942977,945224,947374,949165,951052,953208,955342,957147,958995
40142,40695,41492,41982,43276,43584,43986,43950,42793,43561,43266,44635,43333,43858,43942,44154,44559,44883,45264,45697,46468,47120,47100,47583,47335,47791,48293,48029,48892,49260
36542349,37182588,37608147,38413724,39973894,40608476,41258142,41406924,41859124,42267856,42010372,43102132,42881924,43088112,43239680,43572680,45241680,45873384,46494880,47018316,48895496,49600732,49927080,50260720,51189176,51791000,52154744,52236284,52923356,53314091
600264,603482,607198,611154,614881,618577,622406,626218,629891,633488,637184,640772,644107,647422,650467,653041,655415,657776,660558,663542,666260,668964,671831,674600,677126,679788,682636,685427,687991,690655
60877,61613,61937,62854,65011,65648,66288,66122,66455,66722,65931,67266,66576,66553,66475,66723,69028,69740,70387,70860,73388,74146,74315,74504,75598,76187,76402,76210,76924,77194
711508650,723193676,733147990,744405092,762098373,771920728,777783379,781461312,779950248,785502228,789252704,817710388,787048208,794089004,803092540,811313808,832022536,849464504,863476072,881004528,901020064,916589320,925156124,937066436,934588028,945332600,954909140,954000120,973211658,982911435
18781915,18826540,18883931,18950135,19008524,19066112,19131110,19196623,19256081,19313700,19378698,19443620,19497535,19551986,19623724,19705489,19778752,19850976,19938117,20032743,20117163,20201180,20294756,20390527,20477278,20566220,20662873,20759649,20847931,20937271
37883,38414,38824,39282,40092,40487,40655,40708,40504,40671,40728,42055,40367,40614,40925,41172,42066,42792,43308,43978,44789,45373,45586,45956,45640,45965,46214,45955,46681,46946
330651201,334119492,338145779,343099896,355489533,357809880,362733299,363079716,359851260,362773660,364057532,375241260,366911280,370292284,372306480,375113604,384828932,391609412,397776544,404611360,410351428,416457756,420802104,425919432,430248332,432968148,437239168,438253064,446183550,450484487
9678698,9700982,9727067,9753047,9776249,9799201,9825535,9852477,9877507,9901777,9925195,9944749,9960135,9975879,9998711,10026087,10050389,10074417,10102966,10133064,10159153,10185396,10214660,10243732,10269126,10296051,10325643,10354666,10380313,10406921
34163,34442,34763,35179,36363,36514,36917,36852,36431,36637,36680,37733,36838,37119,37235,37414,38290,38872,39372,39930,40392,40888,41196,41579,41897,42052,42345,42324,42984,43287
55970692,56478268,57300628,57884800,58427324,58744056,59213448,59903500,60930976,61734788,61798020,62880576,62265672,62528376,62952952,63390992,64741996,65688480,66591504,67466284,68273416,69398036,70012984,70866888,71253128,71876952,72315600,72338628,73340508,73994082
1358221,1362100,1365832,1369526,1372891,1376116,1379788,1383488,1386849,1390121,1393956,1398060,1401537,1404725,1407793,1410571,1412894,1415104,1417708,1420249,1422264,1424118,1425776,1426784,1427411,1428110,1429156,1430116,1430741,1431358
41209,41464,41953,42266,42558,42688,42915,43299,43935,44410,44333,44977,44427,44513,44717,44940,45822,46420,46971,47503,48003,48731,49105,49669,49918,50330,50600,50582,51261,51695
48898751,49435264,50086041,50948572,52038421,52545492,53153335,53242108,54076724,54790516,55296756,57317392,56518600,57333288,58002412,58470304,59103080,60376744,61038788,62459188,63176372,63942472,64696064,65022236,65392040,66594380,66855688,66891532,68456105,68827201
1565664,1569313,1572875,1576375,1579330,1582431,1585772,1588921,1591640,1594410,1598212,1602572,1606149,1609911,1614864,1620554,1625627,1630808,1636256,1641420,1645882,1650413,1656831,1664643,1671848,1679280,1687191,1695087,1702419,1709888
31232,31501,31844,32320,32950,33206,33519,33508,33975,34364,34599,35766,35189,35613,35918,36080,36357,37023,37304,38052,38385,38743,39048,39061,39114,39657,39625,39462,40211,40252
524676843,531784040,539662969,545731488,559555055,560784360,564566661,564263788,579072860,583977408,585069156,602285228,593967256,599088196,602907060,607168096,617370440,625806468,631851716,640104476,641928092,650203312,656740004,661869572,658493904,663971096,666424632,664462460,671597314,675811146
12827418,12836363,12845968,12852648,12854977,12857480,12862987,12867383,12868619,12869365,12874484,12879501,12878305,12878008,12879570,12879069,12873996,12869008,12866459,12862104,12852272,12842772,12836280,12828698,12816362,12805802,12798587,12790572,12778244,12766959
40903,41428,42010,42461,43528,43615,43891,43852,44999,45377,45444,46763,46122,46520,46811,47144,47955,48629,49108,49767,49947,50628,51163,51593,51379,51849,52070,51949,52558,52934
222881744,226579080,228898492,232408960,238133493,240941640,245407279,246708484,248509204,252480356,254173444,259920844,257001448,257007256,257550720,257121816,261745096,265653452,268265192,271944564,272477188,275712076,276971392,281760728,280792464,285230756,288367156,289064272,292626320,294875008
6480852,6487241,6494745,6502135,6507353,6512990,6519841,6525929,6530440,6534952,6542881,6552036,6557987,6564807,6573026,6580711,6586101,6591798,6598593,6604269,6607244,6610559,6616168,6622132,6625645,6630214,6636363,6642109,6645618,6649809
34391,34927,35244,35743,36595,36994,37640,37804,38054,38635,38847,39670,39189,39149,39183,39072,39742,40301,40655,41177,41239,41708,41863,42548,42380,43020,43453,43520,44033,44343
113675872,115357864,116319976,117696680,123208164,124060548,126332636,127345552,129094144,130932824,130227848,133705140,132967400,133248500,134376656,133552512,135018592,137753596,138284292,139878104,140966656,142129204,143711204,144495472,143002308,144467384,145070588,144242556,145569425,145686734
3044939,3048762,3053094,3057177,3060097,3063285,3066987,3070167,3072476,3074857,3078899,3083477,3086394,3089782,3094287,3098902,3102318,3105930,3110380,3114535,3117266,3120247,3124033,3127642,3130043,3132955,3136690,3140202,3142607,3145346
37333,37838,38099,38498,40263,40499,41191,41478,42016,42582,42297,43362,43082,43126,43427,43097,43522,44352,44459,44911,45221,45551,46002,46199,45687,46112,46250,45934,46321,46318
108993741,110985648,113005491,115350736,118975192,121430716,123545556,124107540,128627620,128282848,127688316,132570404,131030252,132484020,133346580,133873784,132577132,134461020,135861380,137171308,135694496,136667348,136937360,137092828,136046928,137591880,138188180,137394760,138348964,138878780
2850098,2855947,2860664,2863780,2865850,2868073,2871844,2876172,2879681,2883251,2886805,2889347,2890369,2891719,2893979,2896172,2897267,2898486,2900847,2903300,2904467,2905809,2907222,2907757,2907191,2907087,2907746,2908178,2907605,2907330
38242,38861,39503,40279,41515,42339,43020,43150,44667,44492,44232,45882,45333,45815,46077,46224,45759,46390,46835,47247,46719,47032,47102,47147,46797,47330,47524,47244,47582,47768
140991097,143173260,144687279,145620192,148333827,149831336,151722969,152789644,154390964,155773508,155569956,158253260,155741124,156073580,157094360,157448340,160220264,162452000,163950996,166491344,167184072,169735488,170869988,173278056,170759416,172490236,174213868,173391712,174676553,176071387
4336202,4343949,4351865,4357594,4361920,4366565,4371730,4376065,4379384,4382766,4387546,4392310,4394993,4398247,4402489,4406387,4408764,4411383,4415274,4419039,4420965,4423146,4426712,4430366,4432452,4435212,4439014,4442520,4444603,4447108
32515,32959,33247,33418,34007,34313,34705,34915,35254,35542,35457,36030,35436,35485,35683,35732,36341,36826,37133,37676,37816,38374,38600,39111,38525,38891,39246,39030,39301,39592
166091960,168073168,171084532,171516260,173140352,173513676,175165968,176344020,180618932,183967776,183789984,188530528,184510828,185108984,185932876,186581788,191247932,194643712,196884180,198296280,199282460,199727292,200479848,200878200,196973176,198061096,198628872,198437264,202343242,204057227
4527108,4539194,4549459,4557788,4564711,4571533,4579437,4587035,4593687,4599937,4607158,4613895,4618537,4623393,4629598,4635873,4640601,4645207,4651363,4657635,4661965,4666366,4671226,4675062,4677101,4679892,4683866,4687546,4689580,4692103
36688,37027,37605,37631,37930,37955,38251,38444,39319,39994,39892,40861,39950,40037,40162,40247,41212,41902,42328,42574,42746,42801,42918,42968,42114,42322,42407,42333,43147,43490
49427952,49772592,50133332,49974432,51281186,51416856,51874378,52283668,52351756,52967264,52748012,53443396,52359052,52524996,52809396,53205020,53600640,54418804,54979632,56053428,55762348,56718668,57168400,58065036,58053056,58807496,58958120,58803060,59735505,60085476
1328739,1328036,1328007,1328314,1328165,1328112,1328459,1328783,1328767,1328779,1329166,1329480,1329121,1328966,1329437,1330105,1330256,1330481,1330819,1330794,1330166,1329612,1329885,1330598,1330774,1331172,1331891,1332557,1332729,1333049
37199,37478,37751,37622,38611,38714,39049,39347,39399,39862,39685,40199,39394,39523,39723,40001,40293,40902,41313,42120,41921,42658,42987,43638,43624,44177,44266,44128,44822,45074
282538153,287299764,290026307,295085320,299151735,303040804,307189045,308169092,311011260,312412996,314061172,319153752,311036872,311980144,312420880,314040192,316611456,321077280,324917828,327828924,332304236,336017292,338371160,342156960,343652988,348497504,351733948,353181864,355954914,358627849
5767325,5781117,5796337,5811088,5823987,5836676,5850063,5862381,5873391,5883916,5895979,5907685,5916686,5925823,5936346,5946566,5954796,5962833,5971886,5980170,5985903,5991631,5998588,6004828,6008804,6013581,6019974,6026023,6030001,6034439
48989,49696,50036,50780,51365,51920,52510,52567,52953,53096,53267,54023,52569,52648,52628,52810,53169,53846,54408,54819,55514,56081,56408,56980,57192,57952,58428,58609,59031,59430
341620985,346529364,351356735,353795156,359468244,367209764,366536544,367546176,374404828,378462008,379334744,390938788,378121084,381798076,385517420,388603020,391537568,395314308,403015688,411111816,418378544,425369608,427912552,433778784,432003032,437244768,442992112,437965500,446345774,449319725
6543654,6556573,6572407,6584966,6595195,6605863,6618440,6630741,6641343,6652051,6665389,6678947,6689230,6700296,6712887,6724833,6734403,6744341,6755429,6765370,6772447,6779908,6788588,6796253,6801545,6807982,6816041,6823497,6828793,6834855
52206,52852,53459,53728,54505,55588,55381,55431,56375,56894,56911,58533,56527,56982,57429,57786,58140,58614,59658,60767,61777,62740,63034,63826,63515,64225,64993,64185,65362,65739
338912141,346413616,351515959,354051676,365447672,366756076,370765652,374501140,377728456,378959788,380468520,393351484,382931256,387011144,390330248,392427528,396464872,402649768,407264624,413077308,419186140,424800396,428982864,435827884,434000096,438581236,441860884,443003652,448237714,451786016
9888313,9880679,9878893,9880086,9877929,9876118,9878770,9882805,9884413,9885773,9890638,9895726,9895932,9897071,9902277,9908416,9910930,9913609,9917918,9920575,9918904,9917561,9920493,9924531,9924836,9926594,9930930,9934620,9934903,9936076
34274,35060,35583,35835,36996,37136,37532,37894,38215,38334,38468,39750,38696,39104,39418,39605,40003,40616,41064,41638,42261,42833,43242,43914,43729,44182,44493,44592,45117,45469
217043952,221288120,225351360,231117340,235375684,238068208,240312480,240795928,249263584,252106704,253644816,261067012,253068896,254537856,257933668,258618668,262140248,266886608,270728548,274364376,277287220,279150512,280555652,284632552,282436548,286633528,289732568,290196592,294688408,296130125
5300846,5307466,5316632,5326672,5334872,5343607,5353094,5361606,5368772,5376129,5386064,5396700,5404657,5413381,5423398,5432981,5440583,5448590,5457759,5466186,5472231,5478690,5487874,5497936,5505968,5514955,5525345,5535279,5543354,5552078
40945,41694,42386,43389,44120,44552,44892,44911,46428,46894,47093,48375,46824,47020,47559,47602,48182,48983,49604,50193,50672,50952,51123,51771,51296,51974,52437,52427,53161,53337
88988934,90850500,91508202,91854084,93866049,93826748,94961051,95651292,97289880,98313076,97883384,99571580,98662180,99028084,101089188,99874456,100862344,102402472,102624452,103624188,102560712,103737676,104341208,104965828,105460064,105946020,106369768,106435288,107965704,108440720
2966932,2969191,2971728,2974178,2975745,2977183,2979348,2981448,2982969,2984155,2986193,2988232,2988926,2989739,2991044,2992139,2992257,2992219,2992564,2992497,2991156,2989816,2989748,2990028,2989162,2988713,2989039,2989212,2988340,2987714
29994,30598,30793,30884,31544,31515,31873,32082,32615,32945,32779,33321,33009,33123,33797,33379,33708,34223,34293,34628,34288,34697,34900,35105,35281,35449,35587,35606,36129,36296
218019651,219734812,221055077,222198152,226458965,227440416,230530419,232002648,236534540,238954928,238914836,246075984,239148784,240091432,241590268,242471228,244137460,247800156,250982144,254019404,254102508,257057540,258674120,260225300,259736024,261984772,262463628,262006656,264761127,266605957
5985070,5992449,5998890,6003413,6005877,6008669,6013239,6017658,6020587,6023471,6028755,6034343,6036910,6040219,6045669,6051373,6054850,6058553,6063999,6069098,6071561,6074311,6079159,6084225,6086965,6090641,6095870,6100733,6103468,6106795
36427,36669,36849,37012,37706,37852,38337,38554,39288,39671,39629,40779,39614,39749,39961,40069,40321,40901,41389,41855,41851,42319,42551,42770,42671,43014,43056,42947,43379,43657
34557874,34909620,35217770,35817500,36982218,37398728,37922454,38490512,39406944,39711548,39916076,41075032,39862880,40031724,40163608,40238504,40784880,41571800,41901756,42446732,43304720,43853380,44163740,44055672,44300520,44697600,44845632,45247728,45699121,45918054
988643,990020,991702,993648,995230,996876,998864,1000847,1002532,1004258,1006536,1009047,1011015,1013118,1015493,1017864,1019801,1021787,1024233,1026762,1028813,1030927,1033530,1036309,1038648,1041165,1043976,1046746,1049107,1051588
34955,35262,35512,36046,37159,37516,37966,38458,39307,39543,39657,40707,39429,39513,39551,39532,39993,40685,40910,41340,42092,42538,42731,42512,42652,42930,42957,43227,43560,43665
72544728,73895480,74632076,75525060,81672026,82181400,83111890,83660308,84373788,85345560,84784336,87437612,86073256,85631240,85994824,85192144,88999044,91197044,91225932,92909360,92622104,93758484,94641056,94451316,94791080,95740664,95723552,95390080,96810873,96947635
1824304,1828170,1831876,1835211,1837874,1840668,1844192,1847778,1850873,1854004,1857702,1861296,1863942,1866840,1870342,1873830,1876632,1879524,1883074,1886619,1889339,1892184,1895701,1899286,1902179,1905357,1909036,1912579,1915488,1918577
39766,40420,40741,41153,44438,44648,45067,45276,45586,46033,45639,46977,46178,45870,45978,45464,47425,48521,48445,49246,49024,49550,49924,49730,49833,50248,50142,49875,50541,50531
97791128,99326400,100240856,100778108,102332993,103356032,103762991,103584992,106085304,107322920,107397744,110914044,107267564,107901200,108964656,109880580,112157040,114132760,116152048,118980052,121568980,124343776,124946536,126506608,126001420,127210484,130727796,128418832,131518767,133254699
2698398,2701939,2705617,2709843,2713185,2716475,2723038,2731994,2740228,2748310,2757390,2766523,2774343,2782204,2792650,2804892,2816084,2827213,2839929,2853296,2865402,2877495,2891254,2905766,2919202,2932946,2947655,2962346,2976038,2989877
36240,36761,37049,37190,37717,38048,38106,37916,38714,39051,38949,40091,38664,38783,39018,39175,39827,40369,40900,41699,42427,43213,43215,43536,43163,43373,44350,43350,44193,44569
60691060,62227320,62603728,62829284,64278551,65422516,65786077,65872192,67132548,67908248,68256656,70630184,67682256,67979220,68471728,68913376,67925108,69302220,69823036,71443772,70780320,72275828,72770932,74368596,73717840,74754736,75761716,74513812,76359575,76981220
1316572,1316653,1317263,1317825,1317965,1318214,1318943,1319775,1320273,1320813,1321598,1322238,1322215,1322417,1323571,1325314,1326586,1327955,1329140,1329743,1329789,1329931,1330875,1332200,1333067,1334147,1335541,1336825,1337692,1338696
46098,47262,47526,47677,48771,49630,49878,49912,50847,51414,51647,53417,51189,51405,51733,51998,51203,52187,52532,53728,53227,54346,54679,55824,55299,56032,56727,55739,57083,57505
447291526,450757160,453322530,456210744,468187278,471966288,476899186,477917612,485089240,487082916,489731888,500539704,487937240,492683380,495594576,499945920,506762244,511094096,516526908,523146004,531624448,536992572,540284204,543980004,544828344,549875428,553028268,551611140,556225811,560327516
8787042,8797718,8809865,8820761,8828619,8836447,8846428,8855714,8862650,8869207,8878330,8886941,8891181,8895742,8903538,8911806,8916852,8921807,8928116,8932771,8933487,8934307,8937980,8941583,8941805,8943102,8946895,8950184,8950387,8951157
50904,51236,51456,51720,53031,53411,53909,53967,54734,54918,55160,56323,54879,55384,55663,56099,56832,57286,57854,58565,59509,60105,60448,60837,60930,61486,61812,61631,62145,62598
66919194,67882564,68842362,69803680,71127967,71790380,72629273,73154384,73115764,74057732,73565688,74551928,71990980,72380028,72596752,72894672,74572108,75918240,77236192,78646148,78357448,78928692,79043568,79657580,79499032,80223172,80523384,80014244,81212301,81731446
2055732,2061930,2066803,2070499,2073383,2076168,2078872,2080808,2082053,2083085,2084458,2085369,2085226,2085031,2085266,2085254,2084384,2083359,2083167,2083041,2081934,2080747,2080809,2081319,2081046,2080910,2081464,2081901,2081623,2081364
32552,32922,33309,33713,34305,34578,34937,35157,35117,35552,35292,35750,34524,34714,34814,34957,35777,36440,37076,37755,37637,37933,37987,38273,38201,38552,38686,38433,39014,39268
918685382,938493032,937655578,942247056,990073653,987352240,993233579,994749756,1025814572,1044876228,1050597964,1093354368,1056126744,1068150292,1077923596,1086299788,1090157880,1098906960,1115937168,1133064708,1133147440,1156127512,1166087708,1168387844,1169593036,1177797756,1177835468,1179094716,1195656285,1204797804
19368803,19390081,19420519,19453124,19479032,19504760,19532545,19556233,19574879,19592420,19615703,19638088,19650922,19664342,19681585,19696809,19705099,19713019,19726067,19737767,19740977,19744096,19750024,19752380,19747524,19745067,19747832,19749486,19744587,19740964
47431,48401,48282,48437,50828,50621,50850,50866,52405,53331,53559,55675,53744,54319,54768,55151,55324,55745,56572,57406,57401,58556,59042,59152,59227,59650,59644,59703,60556,61030
334976296,337878632,337938564,340126488,348267752,350845424,353567864,355357036,369794232,374824468,376801952,383381544,369758080,370652232,372860596,375292036,384461044,390120016,395884076,401479048,408051728,413922964,417562056,421402600,423795732,427717128,430502376,432539996,440561027,444087309
9522637,9547163,9571916,9596456,9617843,9639264,9664050,9689128,9711926,9734242,9759993,9785960,9807316,9829312,9854331,9879450,9901125,9922757,9948890,9976243,9999318,10022647,10050612,10079905,10105401,10132415,10162231,10191490,10217247,10243962
35177,35390,35305,35443,36211,36398,36586,36676,38076,38506,38607,39177,37702,37709,37837,37987,38830,39316,39792,40244,40808,41299,41546,41806,41938,42213,42363,42441,43119,43351
28392782,29086468,29683958,30637792,32038941,32700604,33741827,34744880,37461660,38772972,39676668,41885536,39461892,40160624,40926808,40636448,41831176,43152464,43258028,43724076,42732880,42033636,41707256,41537552,41087092,41543648,41663004,41326168,41051157,41352309
671418,673564,676012,678841,681420,684080,687631,691864,695907,699996,704961,710604,715867,721233,726068,730178,734012,737899,742142,746534,750616,754706,757060,757417,757536,757756,758165,758495,758612,758788
42288,43183,43910,45133,47018,47802,49070,50219,53831,55390,56282,58944,55125,55683,56368,55653,56990,58480,58288,58569,56930,55695,55091,54841,54238,54825,54952,54484,54114,54498
410545244,416812464,423064180,427857600,440848670,444844252,451674598,455112148,456775372,463420700,464188488,476174776,466315956,469911664,472278484,474474240,480143704,485808396,492414408,498637300,500948448,506574044,509951028,516046104,512557436,517867632,521086156,520161536,526642055,528971298
11536912,11538694,11543332,11545997,11544668,11543961,11546942,11549856,11549930,11549941,11555516,11562727,11564180,11567007,11574420,11582703,11586766,11591234,11597992,11603135,11603239,11603829,11607958,11611930,11611446,11612762,11617068,11620631,11620123,11620753
35585,36123,36650,37057,38186,38535,39116,39404,39548,40123,40170,41182,40324,40625,40804,40964,41439,41912,42457,42974,43173,43656,43931,44441,44142,44595,44855,44762,45322,45520
130258979,133746396,136571517,139468268,141418763,144701916,147311681,149031872,153326824,155668688,156174852,162327288,162223164,164020060,165352192,166153724,171611160,174524340,176817088,177888364,172517008,171566060,171809980,171259360,167481088,168143688,167767412,166619068,168203897,169440118
3746445,3755554,3763587,3770840,3776763,3782853,3790632,3798842,3806027,3813179,3822264,3831945,3839747,3847856,3855991,3863072,3868676,3874335,3882041,3890379,3896986,3903709,3910006,3914524,3917658,3921383,3926103,3930502,3933639,3937148
34769,35613,36288,36986,37444,38252,38862,39231,40285,40824,40859,42362,42248,42626,42882,43011,44359,45046,45547,45725,44269,43950,43941,43750,42750,42879,42731,42391,42760,43036
136148684,136140988,137272280,138385128,142883068,144207860,144829584,146609572,150689912,151806844,152263136,155198640,152447544,154365092,156164664,157614644,160931236,164328644,167453912,170552440,174329468,177231920,180134504,182033384,183898696,185759920,186431076,187268888,189275234,190993137
3827853,3834501,3842473,3850595,3857241,3864163,3872441,3880730,3887912,3895162,3903283,3910828,3916309,3922249,3931603,3943050,3952917,3962980,3976234,3991188,4004320,4017631,4033865,4051642,4067844,4084689,4102791,4120727,4137196,4154087
35568,35504,35725,35939,37043,37319,37400,37779,38759,38973,39009,39684,38926,39356,39720,39973,40712,41466,42114,42732,43535,44114,44656,44928,45208,45477,45440,45446,45750,45977
521563872,530338716,538480872,545334872,552514878,559007900,565781246,566744384,576617116,581807044,585848964,599133056,582364080,588960700,591752312,594889260,602024368,609928584,617228808,625453372,628682708,634647632,638899212,646505200,639264108,646532436,654850640,654130704,658878651,664116906
12698497,12707416,12718617,12728664,12733976,12739910,12749410,12758031,12763179,12768234,12775749,12780963,12779437,12779460,12784144,12788979,12788907,12789284,12793386,12796582,12793952,12791847,12792938,12792871,12787779,12784686,12785067,12784546,12779429,12775584
41073,41735,42338,42843,43389,43878,44377,44423,45178,45567,45856,46877,45570,46087,46288,46516,47074,47691,48246,48877,49139,49613,49942,50536,49990,50571,51220,51166,51558,51983
44108301,44910152,45393807,45681012,45935194,46788484,46904170,46934532,48072520,48444488,48474088,49414304,48366028,48527308,49014176,49179656,49696144,50045640,50590952,51472924,51734880,52465784,52703792,53197976,52724664,53375472,53892376,53097264,53831237,54185638
1053193,1053126,1053407,1053350,1052909,1052528,1052644,1052895,1052855,1052815,1053125,1053384,1053106,1052949,1053335,1053901,1054065,1054282,1054821,1055328,1055369,1055468,1055855,1056188,1056139,1056268,1056658,1056954,1056902,1056969
41881,42645,43092,43367,43627,44453,44558,44577,45659,46014,46029,46910,45927,46087,46532,46664,47147,47469,47962,48774,49021,49709,49916,50368,49922,50532,51003,50236,50933,51265
146605592,148596564,149983168,151188116,155810368,157885872,158897648,159217972,164314060,165864560,165935616,169477020,166422164,167194788,169225764,170228876,174377116,177759460,179960776,182781460,185935352,189000836,191025888,193382464,193502340,195591688,197055740,198047532,201307546,202854847
4620124,4630627,4641280,4651265,4659703,4668038,4679237,4691929,4703577,4714805,4727577,4740435,4751056,4761880,4776039,4792167,4806618,4820909,4837674,4855392,4871009,4886609,4903852,4921185,4936583,4952675,4970183,4987575,5003170,5019188
31732,32090,32315,32505,33438,33823,33958,33934,34934,35180,35100,35751,35028,35111,35432,35522,36279,36873,37200,37645,38172,38677,38954,39296,39198,39492,39648,39708,40236,40416
32757322,33265396,33955594,34104544,36273332,36497068,36885536,37510056,37663080,37893824,36286084,38492288,37944004,37720132,37741416,37430952,38580684,39206372,39152176,39663500,40136164,40801796,41211700,41421428,41075952,41442676,41671088,41403248,41709280,41896273
813118,815251,817469,819607,821427,823346,825741,828355,830737,833177,835901,838720,841069,843553,845961,848043,849776,851585,853404,854914,856035,857236,858980,860989,862659,864470,866511,868506,870189,871964
40286,40804,41537,41611,44159,44328,44670,45283,45337,45481,43410,45894,45114,44716,44614,44138,45401,46039,45878,46395,46886,47597,47977,48109,47616,47940,48091,47672,47931,48048
222401955,225551552,228045825,230536596,235971271,238387724,241294809,242881132,245485800,249246956,250395412,256015184,250261984,250856288,252678060,254567792,258508116,261439308,263511476,267034868,271980256,276701512,279457588,283208236,283859412,286813252,290887048,291120160,294376072,296907883
6340439,6351409,6362759,6373926,6383002,6392320,6405442,6420387,6433851,6447157,6460582,6472065,6480438,6489454,6501781,6515473,6526858,6538369,6552182,6566176,6577356,6588791,6603008,6617944,6630401,6643894,6659112,6673939,6686487,6699702
35077,35512,35841,36169,36969,37293,37670,37830,38155,38660,38757,39557,38618,38656,38863,39071,39607,39985,40217,40668,41351,41996,42323,42794,42812,43169,43683,43620,44026,44317
933165084,947506348,964163008,981413280,1026745688,1040025296,1057259544,1064037636,1103546680,1116666288,1122322428,1160303352,1131049876,1142948864,1155634852,1166080592,1202691220,1227672680,1248123656,1266192468,1278299580,1282941364,1288519448,1288324484,1280903164,1289846812,1296501756,1289988364,1314893227,1323354763
25092287,25194752,25298658,25403954,25500693,25596169,25703158,25813548,25917209,26018751,26127294,26233957,26328507,26423149,26535621,26658779,26772821,26885951,27010456,27137620,27253562,27369454,27487745,27599787,27702064,27807558,27921197,28034018,28137847,28243360
37189,37607,38111,38632,40263,40632,41133,41220,42580,42918,42956,44229,42959,43256,43550,43741,44922,45662,46209,46658,46904,46875,46876,46679,46239,46385,46434,46015,46730,46855
86544212,86959348,88211508,90009216,93109301,94386348,95735943,96443128,99137652,100507060,100970352,105419952,102939148,104249936,105567724,105900844,108621880,109916760,111293536,113622804,115898144,118308676,119551092,121140628,122870004,124297252,125830728,126486812,128392648,129789980
2757535,2769561,2780760,2791223,2800884,2810835,2821340,2831513,2841062,2850717,2862127,2874368,2885334,2896652,2907779,2918021,2927313,2936825,2948411,2961131,2972713,2984499,2998526,3014005,3028501,3043468,3059224,3074909,3089692,3104782
31385,31398,31722,32247,33243,33579,33933,34061,34895,35257,35278,36676,35677,35990,36305,36292,37106,37427,37747,38371,38987,39641,39870,40193,40571,40841,41132,41135,41555,41803
25122202,25549980,25807090,25970468,26732676,27111832,27352416,27683592,27715568,28094068,27977924,28694120,28261516,28564156,28659572,28885188,28868168,29265100,29732676,30267596,30146996,30503528,30723408,31023456,31100088,31195196,31425172,31159084,31747065,31977252
625667,625868,626163,626431,626518,626621,626748,626743,626628,626465,626639,626934,626927,627004,627192,627241,627104,626991,626980,626872,626521,626200,625975,625671,625172,624749,624471,624145,623646,623187
40153,40823,41215,41458,42669,43267,43642,44171,44230,44845,44648,45769,45079,45557,45695,46051,46034,46675,47422,48284,48118,48712,49081,49584,49746,49932,50323,49923,50906,51312
356964672,362705744,365924816,369960684,379631678,383411012,388944890,390474064,397411672,401096804,403009024,414004104,398509420,399886844,400970160,403275156,409532252,414981460,419401716,424777920,428797720,436258536,439380340,442184396,440794808,444533048,447824476,448694296,455190373,458365717
7989604,8013292,8037514,8059814,8079558,8099348,8121218,8142734,8162419,8181743,8202415,8221823,8237443,8253592,8270387,8285580,8298006,8310484,8325157,8339455,8350310,8361356,8374262,8386410,8395539,8405944,8418390,8430302,8439461,8449425
44679,45263,45527,45902,46987,47339,47892,47954,48688,49023,49133,50354,48378,48450,48483,48672,49353,49935,50378,50936,51351,52176,52468,52726,52503,52883,53196,53224,53936,54248
280149650,283062812,285994438,288888132,297357384,299145660,303009880,306757608,319025072,323851020,326673272,336086052,328878352,330916404,335350216,337530396,348252744,355601816,362563220,369534896,371448156,379289836,383028596,386037136,390677716,396173312,399815492,404422668,409104300,412347882
6715961,6733753,6754219,6775000,6793478,6812365,6832426,6851446,6868678,6885982,6905708,6925410,6941734,6958644,6979545,7002443,7022736,7043293,7068816,7096849,7121832,7147069,7177281,7210128,7240390,7271722,7305183,7338357,7369142,7400604
41714,42036,42343,42640,43771,43912,44349,44773,46446,47030,47305,48529,47377,47555,48048,48202,49589,50488,51291,52070,52156,53069,53367,53541,53958,54481,54730,55111,55516,55718
58496626,59120508,60031258,60300260,61788372,62908840,63661476,63913304,63904748,64723000,64441812,65425484,63941656,64155980,64236160,64494556,64830180,65827152,66373416,67158092,66745024,67417992,67405628,67526452,66707268,67113536,67337892,67089252,68163337,68394507
1852373,1853605,1854625,1855069,1854849,1854806,1855395,1856022,1856168,1856332,1856516,1856065,1854657,1853531,1852870,1852040,1850481,1849062,1847944,1846469,1844167,1841995,1840065,1837835,1834920,1832274,1830092,1827808,1824904,1822165
31579,31895,32368,32506,33312,33917,34312,34436,34428,34866,34711,35250,34476,34613,34668,34824,35034,35600,35917,36371,36193,36601,36632,36742,36354,36629,36795,36705,37352,37535
215483034,218225276,220378354,224425216,229863622,231629344,235232994,233931324,240189300,242022772,242114192,249979600,242339580,244648792,246813912,247727652,250009428,254028660,256174284,260086892,261388844,263956300,266016728,269014548,267675512,269928792,272893344,270406280,274829351,277233726
5685026,5688692,5693590,5699233,5702869,5706962,5712355,5717162,5720488,5723933,5729368,5734731,5737140,5740397,5745425,5750348,5753125,5756275,5760633,5764177,5765227,5766664,5770030,5773484,5774792,5777054,5780764,5784020,5785317,5787244
37904,38361,38706,39378,40307,40587,41180,40917,41988,42283,42258,43590,42240,42619,42958,43080,43456,44131,44470,45121,45339,45773,46103,46595,46352,46724,47207,46751,47505,47904
24930577,25404276,25986459,26306352,27535241,27830620,28280655,28722484,29469972,30271656,30211556,31786124,30554388,30507928,30716844,31092200,31954992,32811960,33268612,33514660,33180432,33197116,33102376,32561684,32568624,32376476,32127124,32009636,32570531,32762962
563190,564142,564997,565873,566572,567311,568914,571249,573419,575628,577608,579214,580527,581914,582862,583197,583341,583506,584108,584971,585548,586197,586499,586319,585905,585606,585436,585235,584820,584487
44267,45032,45994,46488,48600,49057,49710,50280,51393,52589,52305,54878,52632,52427,52700,53313,54779,56232,56956,57293,56666,56631,56441,55536,55587,55287,54877,54695,55693,56054
739812720,751247020,758654028,763410944,775267333,787311988,788836263,789849488,799964580,808270940,809002980,833070564,803747856,809093512,816013848,821046224,826992256,836212396,848289932,863248832,868818848,882054024,886617048,898123388,894018192,904335568,911912928,902824416,917495872,923938565
14440347,14457213,14479010,14495762,14507450,14519920,14536094,14551273,14562709,14574198,14590727,14607151,14616301,14627214,14642355,14657010,14666385,14676429,14688875,14698786,14702425,14706788,14715417,14723573,14726452,14731692,14740510,14748187,14751062,14755470
51232,51963,52397,52664,53439,54223,54267,54280,54932,55459,55446,57032,54990,55314,55730,56017,56387,56977,57751,58729,59094,59976,60251,60999,60708,61387,61864,61216,62199,62617
2242629246,2280650940,2294476222,2315208908,2389068977,2401502488,2424352295,2429052092,2479494848,2508342908,2521977932,2596371836,2520317944,2545401868,2561651896,2579780192,2602307072,2628791216,2663484928,2699412124,2718375504,2757819164,2778089488,2796369708,2793456452,2819945840,2835635912,2836138988,2866435466,2888424181
48118955,48178693,48253510,48327969,48385564,48443283,48510028,48570159,48617766,48663137,48721169,48774992,48804752,48837121,48882785,48926498,48952626,48978502,49016291,49049635,49061466,49073822,49096585,49113636,49112203,49117276,49135612,49151008,49149542,49151794
46606,47337,47550,47906,49376,49573,49976,50011,51000,51545,51763,53232,51641,52120,52404,52728,53160,53672,54339,55034,55408,56197,56584,56937,56879,57413,57710,57703,58321,58765
1712499006,1739814476,1763519954,1784474940,1833848512,1844955672,1867647184,1874516884,1902275192,1920861024,1926013800,1981711932,1942555496,1957667052,1969880424,1978919332,2005733540,2033946744,2055970224,2083850540,2095928712,2121246128,2138662016,2164518836,2153519412,2175579512,2190632172,2187098200,2213932754,2228677194
46418521,46431669,46456528,46480099,46487796,46497511,46520895,46543135,46553890,46563964,46592887,46624721,46633544,46647290,46674718,46701247,46710918,46721924,46741595,46754260,46746886,46741385,46750929,46760775,46753081,46752426,46763712,46771952,46764205,46760841
36893,37470,37961,38392,39448,39679,40146,40275,40862,41252,41337,42503,41656,41967,42204,42374,42939,43533,43986,44570,44836,45383,45746,46289,46062,46534,46845,46761,47342,47661
791428048,803613788,814003532,826630304,854002304,862378960,874460344,880166912,903018416,912289660,911222904,941233976,919694484,923873804,931910220,931775736,943284336,960457260,969492500,981730128,983542028,991598520,997438348,1003856448,998175932,1009404552,1014512608,1011960060,1022939234,1027497813
20489793,20521609,20554637,20584701,20607417,20631728,20662728,20693600,20719033,20744885,20779087,20814487,20839208,20866727,20899704,20931479,20955438,20980567,21011605,21041186,21061515,21083183,21110029,21135252,21152541,21173221,21199363,21223972,21241323,21260878
38625,39159,39602,40158,41442,41799,42321,42533,43584,43977,43853,45220,44133,44275,44590,44516,45014,45778,46141,46658,46699,47033,47250,47497,47189,47674,47856,47680,48158,48328
2806493345,2846255424,2877262683,2906716636,2977306935,3004481140,3036191773,3050229960,3086902872,3118992284,3127081164,3211052776,3119534216,3136195936,3160333800,3177741980,3245697212,3300488696,3342878260,3394811752,3439438368,3490576784,3519836320,3554749812,3551811848,3584921604,3613759624,3617179132,3679254181,3710057370
78306300,78477691,78664852,78851240,79010719,79169664,79356259,79545478,79715258,79879881,80062748,80237133,80372323,80512176,80692799,80889578,81057015,81223175,81426464,81640191,81817771,81996407,82204269,82414462,82592496,82782072,82995520,83205623,83386008,83573329
35840,36268,36576,36863,37682,37950,38260,38346,38724,39046,39058,40020,38814,38953,39165,39285,40042,40635,41054,41583,42038,42570,42818,43133,43004,43306,43542,43473,44123,44393
1341737756,1363011556,1385790384,1409411404,1462647594,1481285552,1504182666,1514474128,1562112096,1581551296,1587127940,1639717400,1603634976,1620726112,1637192720,1650497964,1699702932,1731564148,1759271712,1784140332,1794407644,1802784532,1810453220,1814612292,1803419608,1817586696,1828237996,1818747032,1851857435,1864781291
37279464,37412412,37545928,37678121,37797204,37914993,38051173,38193452,38325301,38454421,38594534,38732228,38851438,38971200,39114400,39270052,39411529,39551824,39709378,39870838,40015174,40159478,40311470,40458031,40589958,40726578,40875330,41022722,41156630,41292979
35991,36432,36909,37407,38697,39069,39531,39653,40759,41128,41123,42335,41276,41588,41857,42029,43127,43780,44304,44748,44843,44891,44912,44852,44430,44629,44727,44335,44995,45160
391785780,395488096,402078016,411151144,425332516,430734980,437205464,439987692,450201784,456718124,459235240,479233768,471316296,477032976,482941732,487451988,500067464,509728992,516779656,527013928,534008100,542039076,545366944,548401500,549698848,555143520,560155428,560807328,571079363,575738089
10895546,10931927,10968485,11003433,11034779,11066920,11102815,11138971,11172298,11205844,11245066,11286283,11322153,11359254,11399444,11439557,11475589,11512212,11556049,11603202,11645501,11688461,11736407,11785901,11831196,11878319,11928695,11978650,12024733,12071998
35958,36177,36658,37366,38545,38921,39378,39500,40296,40757,40839,42462,41628,41995,42365,42611,43577,44277,44719,45420,45855,46374,46468,46530,46462,46736,46959,46817,47492,47692
2189649044,2216556708,2231794516,2281195432,2346264196,2361073836,2389993968,2395133904,2467650916,2499301292,2514722316,2621215240,2514306544,2544044088,2573203500,2606355284,2655130612,2706039304,2760706672,2808326300,2858448264,2922662608,2947305952,2982494376,2992738492,3028746088,3056344172,3072659840,3113225974,3134102005
52519564,52637384,52765260,52897623,53012132,53125032,53255565,53387578,53505118,53619561,53752077,53885038,53992437,54099294,54231663,54375650,54500389,54623562,54767260,54913894,55037520,55160168,55298500,55435400,55553143,55676408,55815030,55951588,56070667,56192144
41692,42110,42297,43125,44259,44444,44878,44863,46120,46612,46784,48645,46568,47025,47448,47932,48718,49540,50408,51141,51936,52985,53298,53801,53872,54399,54758,54916,55523,55775
